PROVINCIA;Departamento;Localidad;2/3/2020;3/3/2020;4/3/2020;5/3/2020;6/3/2020;7/3/2020;8/3/2020;9/3/2020;10/3/2020;11/3/2020;12/3/2020;13/3/2020;14/3/2020;15/3/2020;16/3/2020;17/3/2020;18/3/2020;19/3/2020;20/3/0202;21/3/2020;22/3/2020;23/3/2020;24/3/2020;25/3/2020;26/3/2020;27/3/2020;28/3/2020;29/3/2020;30/3/2020;31/3/2020;1/4/2020;2/4/2020;3/4/2020;4/4/2020;5/4/2020;6/4/2020;7/4/2020;8/4/2020;9/4/2020;10/4/2020;11/4/2020;15/4/2020;21/4/2020;23/4/2020;24/4/2020;25/4/2020;26/4/2020;27/4/2020;29/4/2020
Santa Fe;BELGRANO;Armstrong;0;0;0;0;0;0;0;0;0;0;0;0;0;0;0;0;0;0;0;0;0;0;0;0;0;0;0;0;2;2;2;2;2;2;2;2;2;2;2;2;2;;2;2;2;2;2;2;2
Santa Fe;BELGRANO;Las Parejas;0;0;0;0;0;0;0;0;0;0;0;0;0;0;0;0;0;0;0;0;0;0;0;0;1;1;1;1;1;1;1;1;1;1;1;1;1;1;1;1;1;;1;1;1;1;1;1;1
Santa Fe;BELGRANO;Las Rosas;0;0;0;0;0;0;0;0;0;0;0;0;0;0;0;0;0;0;0;0;0;0;0;0;0;0;0;0;0;0;0;0;0;0;0;0;1;1;1;1;1;;1;1;1;1;1;1;1
Santa Fe;CASEROS;Casilda;0;0;0;0;0;0;0;0;0;0;0;0;0;0;0;0;0;0;0;0;0;0;0;1;1;2;2;2;2;2;2;2;2;2;2;2;2;2;2;2;2;;2;2;2;2;2;2;2
Santa Fe;CASEROS;Chabas;0;0;0;0;0;0;0;0;0;0;0;0;0;0;0;0;0;0;0;0;0;0;0;0;0;0;1;1;1;1;1;1;1;1;1;1;1;1;1;1;1;;1;1;1;1;1;1;1
Santa Fe;CASTELLANOS;Rafaela;0;0;0;0;0;0;0;0;0;0;0;0;0;0;0;0;0;0;0;1;1;1;3;4;5;5;9;9;10;13;13;17;18;18;18;18;18;18;18;18;19;;20;21;21;21;21;21;21
Santa Fe;CONSTITUCION;Villa Constitución;0;0;0;0;0;0;0;0;0;0;0;0;0;0;0;0;0;0;0;0;0;0;0;1;1;2;2;2;4;4;5;5;5;5;6;8;8;8;8;8;8;;9;9;9;9;9;9;9
Santa Fe;GARAY;Cayastá;0;0;0;0;0;0;0;0;0;0;0;0;0;0;0;0;0;0;0;0;0;0;0;0;0;0;0;0;0;0;0;0;0;0;0;0;0;0;0;0;0;;1;1;1;1;1;1;1
Santa Fe;GARAY;Helvecia;0;0;0;0;0;0;0;0;0;0;0;0;0;0;0;0;0;0;0;0;0;1;2;2;2;2;2;2;2;2;2;2;2;2;2;2;2;2;2;2;2;;2;2;2;2;2;2;2
Santa Fe;General Lopez;Elortondo;0;0;0;0;0;0;0;0;0;0;0;0;0;0;0;0;0;0;0;0;0;0;0;0;0;0;0;0;0;2;2;2;2;2;2;2;2;2;4;4;4;;4;4;4;4;4;4;4
Santa Fe;General Lopez;Firmat;0;0;0;0;0;0;0;0;0;0;0;0;0;0;0;0;0;0;0;0;0;0;0;0;0;0;0;0;0;0;0;0;0;1;1;1;1;1;1;1;1;;1;1;1;1;1;1;1
Santa Fe;General Lopez;Sancti Spiritu;0;0;0;0;0;0;0;0;0;0;0;0;0;0;0;0;0;0;0;0;0;0;0;0;0;0;0;0;0;0;0;0;0;0;0;0;0;0;0;0;0;;0;0;0;1;1;1;1
Santa Fe;General Lopez;Venado Tuerto;0;0;0;0;0;0;0;0;0;0;0;0;0;0;0;0;0;0;0;0;0;0;0;1;1;2;2;2;2;2;3;3;3;3;4;4;4;4;5;5;5;;7;10;11;12;12;12;12
Santa Fe;IRIONDO;Cañada de Gómez;0;0;0;0;0;0;0;0;0;0;0;0;0;0;0;0;0;0;0;0;0;0;0;0;0;0;0;0;0;1;1;1;1;1;1;1;1;1;1;1;1;;1;1;1;1;1;1;1
Santa Fe;IRIONDO;Oliveros;0;0;0;0;0;0;0;0;0;0;0;0;0;0;0;0;0;0;0;0;0;0;0;0;0;0;0;0;0;0;0;0;0;0;0;0;0;0;0;0;0;;3;3;4;4;4;4;4
Santa Fe;IRIONDO;Pueblo Andino;0;0;0;0;0;0;0;0;0;0;0;0;0;0;0;0;0;0;0;0;0;0;0;0;0;1;1;1;1;2;2;2;2;2;2;2;2;2;2;2;2;;2;2;2;2;2;2;2
Santa Fe;LA CAPITAL;Llambi Campbell;0;0;0;0;0;0;0;0;0;0;0;0;0;0;0;0;0;0;0;0;0;0;0;0;0;0;0;0;0;0;0;0;0;0;3;3;3;3;3;3;3;;3;3;3;3;3;3;3
Santa Fe;LA CAPITAL;San José del Rincón;0;0;0;0;0;0;0;0;0;0;0;0;0;0;0;0;0;0;0;0;0;0;0;0;0;1;1;1;1;1;1;1;1;1;1;1;1;1;1;1;1;;1;1;1;1;1;1;1
Santa Fe;LA CAPITAL;Santa Fe;0;0;0;0;0;0;0;0;0;0;0;0;0;0;0;0;0;0;0;1;1;1;1;8;8;13;17;18;18;22;22;22;22;23;23;26;26;26;27;27;27;;27;27;27;27;27;27;27
Santa Fe;LA CAPITAL;Santo Tomé;0;0;0;0;0;0;0;0;0;0;0;0;0;0;0;0;0;0;0;0;0;0;0;3;3;3;4;4;4;4;4;4;4;4;5;5;5;5;5;5;5;;5;5;5;5;5;5;5
Santa Fe;LA CAPITAL;Sauce Viejo;0;0;0;0;0;0;0;0;0;0;0;0;0;0;0;0;0;0;0;0;0;0;0;1;1;1;1;1;1;1;1;1;1;1;1;1;1;1;1;1;1;;1;1;1;1;1;1;1
Santa Fe;LAS COLONIAS;Esperanza;0;0;0;0;0;0;0;0;0;0;0;0;0;0;0;0;0;0;0;0;0;1;1;1;1;1;1;1;1;1;1;1;1;1;1;1;1;1;1;1;1;;1;1;1;1;1;1;1
Santa Fe;LAS COLONIAS;Franck;0;0;0;0;0;0;0;0;0;0;0;0;0;0;0;0;0;0;0;0;0;0;0;0;0;1;1;1;1;1;1;1;1;1;1;1;1;1;1;1;1;;1;1;1;1;1;1;1
Santa Fe;LAS COLONIAS;Humboldt;0;0;0;0;0;0;0;0;0;0;0;0;0;0;0;0;0;0;0;0;0;0;0;0;0;1;1;1;1;1;1;1;1;1;1;1;1;1;1;1;1;;1;1;1;1;1;1;1
Santa Fe;LAS COLONIAS;San Carlos Sud;0;0;0;0;0;0;0;0;0;0;0;0;0;0;0;0;0;0;0;0;0;0;0;0;0;0;0;0;0;1;1;1;1;1;1;1;1;1;1;1;1;;1;1;1;1;1;1;1
Santa Fe;ROSARIO;Arroyo Seco;0;0;0;0;0;0;0;0;0;0;0;0;0;0;0;0;0;0;0;0;0;0;0;0;0;0;0;2;2;2;2;2;2;2;2;2;2;2;2;2;2;;2;2;2;2;2;2;2
Santa Fe;ROSARIO;Funes;0;0;0;0;0;0;0;0;0;0;0;0;0;0;0;0;0;0;0;0;0;0;0;0;0;0;0;0;1;1;2;3;3;3;3;3;3;3;3;3;4;;4;5;5;5;5;5;5
Santa Fe;ROSARIO;Granadero Baigorria;0;0;0;0;0;0;0;0;0;0;0;0;0;0;0;0;0;0;0;0;0;0;0;0;0;0;0;0;0;0;0;0;0;0;0;0;1;1;1;1;1;;1;1;2;2;2;2;2
Santa Fe;ROSARIO;Rosario;0;0;0;0;0;0;0;0;0;0;0;0;1;1;1;1;1;2;2;2;2;2;8;10;12;20;23;30;44;51;56;58;65;68;73;76;77;79;79;80;81;;96;97;97;98;98;98;98
Santa Fe;ROSARIO;Villa Gobernador Gálvez;0;0;0;0;0;0;0;0;0;0;0;0;0;0;0;0;0;0;0;0;0;0;1;1;1;1;1;1;1;1;2;2;2;2;2;2;2;2;2;2;2;;2;2;2;2;2;2;2
Santa Fe;SAN JAVIER;San Javier;0;0;0;0;0;0;0;0;0;0;0;0;0;0;0;0;0;0;0;0;0;0;0;1;1;1;1;1;1;1;1;1;1;1;1;1;1;1;1;1;1;;1;1;1;1;1;1;1
Santa Fe;SAN JERONIMO;Gálvez;0;0;0;0;0;0;0;0;0;0;0;0;0;0;0;0;0;0;0;0;0;0;2;3;3;3;3;6;6;6;7;7;7;7;7;7;7;7;9;9;9;;9;9;9;9;9;9;9
Santa Fe;SAN JERONIMO;San Genaro;0;0;0;0;0;0;0;0;0;0;0;0;0;0;0;0;0;0;0;0;0;0;0;0;0;0;0;0;0;0;1;1;1;1;1;1;1;1;1;1;1;;1;1;1;1;1;1;1
Santa Fe;SAN LORENZO;Capitán Bermúdez;;;;;;;;;;;;;;;;;;;;;;;;;;;;;;;;;;;;;;;;;;;;;;1;1;1;1
Santa Fe;SAN LORENZO;Fray Luis Beltrán;0;0;0;0;0;0;0;0;0;0;0;0;0;0;0;0;0;0;0;0;0;0;0;0;0;0;0;0;0;0;0;0;0;0;0;0;0;0;0;0;0;;0;0;1;3;3;3;3
Santa Fe;SAN LORENZO;Pujato;0;0;0;0;0;0;0;0;0;0;0;0;0;0;0;0;0;0;0;0;0;0;0;0;0;0;0;0;0;2;2;2;2;2;2;2;2;2;2;2;2;;2;2;2;2;2;2;2
Santa Fe;SAN LORENZO;Roldán;0;0;0;0;0;0;0;0;0;0;0;0;0;0;0;0;0;0;0;0;0;0;2;2;2;2;2;2;3;4;4;4;4;4;4;4;4;4;4;4;4;;6;6;6;6;6;6;6
Santa Fe;SAN LORENZO;San Lorenzo;0;0;0;0;0;0;0;0;0;0;0;0;0;0;0;0;0;0;0;0;0;0;0;0;0;0;0;0;0;0;0;1;1;1;1;1;1;1;1;1;1;;1;1;3;3;3;3;3
Santa Fe;VERA;Vera;0;0;0;0;0;0;0;0;0;0;0;0;0;0;0;0;0;0;0;0;0;0;0;0;0;1;1;1;1;1;1;1;1;1;1;1;1;1;1;1;1;;1;1;1;1;1;1;1
Salta;CAPITAL;Salta;0;0;0;0;0;0;0;0;0;0;0;0;0;0;0;1;1;1;1;1;1;1;1;1;1;1;1;1;1;1;3;3;3;3;3;3;3;3;3;3;3;;3;3;3;3;4;4;4
Río Negro;;San Carlos de Bariloche;;;;;;;;;;;;;;;;;;;;;;;;;;;;;;;;;;;;;;;;;;;;;;;72;75;75
Río Negro;;Cipolletti;;;;;;;;;;;;;;;;;;;;;;;;;;;;;;;;;;;;;;;;;;;;;;;15;15;15
Río Negro;;Choele Choel;;;;;;;;;;;;;;;;;;;;;;;;;;;;;;;;;;;;;;;;;;;;;;;37;40;40
Río Negro;;Allen;;;;;;;;;;;;;;;;;;;;;;;;;;;;;;;;;;;;;;;;;;;;;;;8;8;8
Río Negro;;Dina Huapi;;;;;;;;;;;;;;;;;;;;;;;;;;;;;;;;;;;;;;;;;;;;;;;6;6;6
Río Negro;;Catriel;;;;;;;;;;;;;;;;;;;;;;;;;;;;;;;;;;;;;;;;;;;;;;;3;3;3
Río Negro;;Río Colorado;;;;;;;;;;;;;;;;;;;;;;;;;;;;;;;;;;;;;;;;;;;;;;;2;2;2
Río Negro;;Luis Beltrán;;;;;;;;;;;;;;;;;;;;;;;;;;;;;;;;;;;;;;;;;;;;;;;7;7;7
Río Negro;;Coronel Belisle;;;;;;;;;;;;;;;;;;;;;;;;;;;;;;;;;;;;;;;;;;;;;;;;1;1
Río Negro;;El Bolsón;;;;;;;;;;;;;;;;;;;;;;;;;;;;;;;;;;;;;;;;;;;;;;;2;2;2
Río Negro;;Villa Regina;;;;;;;;;;;;;;;;;;;;;;;;;;;;;;;;;;;;;;;;;;;;;;;4;5;5
Río Negro;;General Conesa;;;;;;;;;;;;;;;;;;;;;;;;;;;;;;;;;;;;;;;;;;;;;;;1;1;1
Río Negro;;General Roca;;;;;;;;;;;;;;;;;;;;;;;;;;;;;;;;;;;;;;;;;;;;;;;11;11;11
Río Negro;;Viedma;;;;;;;;;;;;;;;;;;;;;;;;;;;;;;;;;;;;;;;;;;;;;;;1;1;1
Río Negro;;Cinco Saltos;;;;;;;;;;;;;;;;;;;;;;;;;;;;;;;;;;;;;;;;;;;;;;;2;2;2
Río Negro;;Lamarque;;;;;;;;;;;;;;;;;;;;;;;;;;;;;;;;;;;;;;;;;;;;;;;13;19;19
Río Negro;;Chimpay;;;;;;;;;;;;;;;;;;;;;;;;;;;;;;;;;;;;;;;;;;;;;;;5;6;6
Neuquén;;Loncopué;;;;;;;;;;;;;;;;;;;;;;;;;;;;;;;;;;;;;;;;;;;;;;;33;33;33
Neuquén;;Neuquén;;;;;;;;;;;;;;;;;;;;;;;;;;;;;;;;;;;;;;;;;;;;;;;33;33;33
Neuquén;;Las Lajas;;;;;;;;;;;;;;;;;;;;;;;;;;;;;;;;;;;;;;;;;;;;;;;13;13;13
Neuquén;;Cutral Có;;;;;;;;;;;;;;;;;;;;;;;;;;;;;;;;;;;;;;;;;;;;;;;6;6;6
Neuquén;;Centenario;;;;;;;;;;;;;;;;;;;;;;;;;;;;;;;;;;;;;;;;;;;;;;;5;5;5
Neuquén;;San Martín de los Andes;;;;;;;;;;;;;;;;;;;;;;;;;;;;;;;;;;;;;;;;;;;;;;;5;5;5
Neuquén;;Villa La Angostura;;;;;;;;;;;;;;;;;;;;;;;;;;;;;;;;;;;;;;;;;;;;;;;4;4;4
Neuquén;;Plottier;;;;;;;;;;;;;;;;;;;;;;;;;;;;;;;;;;;;;;;;;;;;;;;5;5;4
Neuquén;;Zapala;;;;;;;;;;;;;;;;;;;;;;;;;;;;;;;;;;;;;;;;;;;;;;;5;5;4
Neuquén;;Vista Alegre Norte;;;;;;;;;;;;;;;;;;;;;;;;;;;;;;;;;;;;;;;;;;;;;;;1;1;1
Tucumán;Capital;Capital;;;;;;;;;;;;;;;;;;;;;;;;;;;;;;;;;;;;;;;;;;;;;;;19;19;19
Tucumán;Yerba Buena;Yerba Buena;;;;;;;;;;;;;;;;;;;;;;;;;;;;;;;;;;;;;;;;;;;;;;;8;8;8
Tucumán;Tafí Viejo;Tafí Viejo;;;;;;;;;;;;;;;;;;;;;;;;;;;;;;;;;;;;;;;;;;;;;;;4;4;4
Tucumán;Cruz Alta;Cruz Alta;;;;;;;;;;;;;;;;;;;;;;;;;;;;;;;;;;;;;;;;;;;;;;;2;2;2
Tucumán;Río Chico;Río Chico;;;;;;;;;;;;;;;;;;;;;;;;;;;;;;;;;;;;;;;;;;;;;;;1;1;1
Tucumán;Monteros;Monteros;;;;;;;;;;;;;;;;;;;;;;;;;;;;;;;;;;;;;;;;;;;;;;;1;1;1
Entre Ríos;Colón;San José;0;0;0;0;0;0;0;0;0;0;0;0;0;0;0;0;0;0;0;0;0;0;0;0;0;0;0;0;0;0;0;0;0;0;0;0;0;0;0;0;0;1;1;1;1;1;1;1;1
Entre Ríos;Colón;Colón;;;;;;;;;;;;;;;;;;;;;;;;;;;;;1;2;2;2;2;2;2;2;2;2;2;2;2;2;2;2;2;2;2;2;2
Entre Ríos;Gualeguay;Gualeguay;;;;;;;;;;;;1;1;1;1;1;2;2;2;2;2;2;2;3;3;3;3;3;3;3;3;3;3;3;3;3;3;3;3;3;3;3;3;3;3;3;3;3;3
Entre Ríos;Paraná;Paraná;;;;;;;;;;;;;;;;1;1;1;1;1;1;1;1;2;2;2;2;2;2;2;2;3;4;4;5;5;5;5;5;5;5;5;5;5;5;5;5;5;5
Entre Ríos;Villaguay;Villaguay;;;;;;;;;;;;;;;;;;;;;;;;1;1;1;1;1;1;1;1;1;1;1;1;1;1;1;1;1;1;1;1;1;1;1;1;1;1
Entre Ríos;Nogoyá;Nogoyá;;;;;;;;;;;;;;;;;;;;;;;;;1;1;1;1;1;1;1;1;1;1;1;1;1;1;1;1;1;1;1;1;1;1;1;1;1
Entre Ríos;La Paz;La Paz;;;;;;;;;;;;;;;;;;;;;;;;;1;1;1;1;1;1;1;1;1;1;1;1;1;1;1;1;1;1;1;1;1;1;1;1;1
Entre Ríos;Islas del Ibicuy;Ibicuy;;;;;;;;;;;;;;;;;;;;;;;;;;;;;;;;;;;;;;;1;1;1;1;1;1;1;1;1;1;1
Entre Ríos;Gualeguaychú;Gualeguaychú;;;;;;;;;;;;;;;;;;;1;1;1;1;1;1;1;1;1;1;2;2;2;3;4;4;4;4;4;4;4;4;4;4;4;4;4;4;4;4;4
Entre Ríos;Diamante;Villa Libertador San Martín;;;;;;;;;;;;;;;;;;;;;;;;;1;1;1;1;1;1;1;1;1;1;1;1;1;2;2;2;2;2;2;2;2;2;2;2;2
Entre Ríos;Concordia;Concordia;;;;;;;;;;;;;;;;;;;;;;;;;;;;;1;1;1;1;1;1;1;1;1;1;1;1;1;1;1;1;2;2;2;2;2
Córdoba;Capital;Córdoba;;;;;;;;;;;;;;;;;;;;;;;;;;;;;;;;;;;;;;;;;;;;;;;94;94;97
Córdoba;Colón;Saldán;;;;;;;;;;;;;;;;;;;;;;;;;;;;;;;;;;;;;;;;;;;;;;;55;55;55
Córdoba;Colón;Villa Allende;;;;;;;;;;;;;;;;;;;;;;;;;;;;;;;;;;;;;;;;;;;;;;;13;13;13
Córdoba;Colón;Mendiolaza;;;;;;;;;;;;;;;;;;;;;;;;;;;;;;;;;;;;;;;;;;;;;;;6;6;6
Córdoba;Colón;La Calera;;;;;;;;;;;;;;;;;;;;;;;;;;;;;;;;;;;;;;;;;;;;;;;3;3;3
Córdoba;Colón;Colonia Caroya;;;;;;;;;;;;;;;;;;;;;;;;;;;;;;;;;;;;;;;;;;;;;;;2;2;2
Córdoba;Colón;Villa Cerro Azul;;;;;;;;;;;;;;;;;;;;;;;;;;;;;;;;;;;;;;;;;;;;;;;1;1;1
Córdoba;Colón;Salsipuedes;;;;;;;;;;;;;;;;;;;;;;;;;;;;;;;;;;;;;;;;;;;;;;;1;1;1
Córdoba;Colón;Río Ceballos;;;;;;;;;;;;;;;;;;;;;;;;;;;;;;;;;;;;;;;;;;;;;;;1;1;1
Córdoba;Gral.San Martin;Villa María;;;;;;;;;;;;;;;;;;;;;;;;;;;;;;;;;;;;;;;;;;;;;;;11;11;11
Córdoba;Gral.San Martin;Villa Nueva;;;;;;;;;;;;;;;;;;;;;;;;;;;;;;;;;;;;;;;;;;;;;;;7;7;7
Córdoba;Gral.San Martin;La Playosa;;;;;;;;;;;;;;;;;;;;;;;;;;;;;;;;;;;;;;;;;;;;;;;6;6;6
Córdoba;Río Cuarto;Río Cuarto;;;;;;;;;;;;;;;;;;;;;;;;;;;;;;;;;;;;;;;;;;;;;;;11;11;11
Córdoba;Río Cuarto;San Basilio;;;;;;;;;;;;;;;;;;;;;;;;;;;;;;;;;;;;;;;;;;;;;;;3;3;3
Córdoba;Río Cuarto;Vicuña Mackenna;;;;;;;;;;;;;;;;;;;;;;;;;;;;;;;;;;;;;;;;;;;;;;;2;2;2
Córdoba;Punilla;La Cumbre;;;;;;;;;;;;;;;;;;;;;;;;;;;;;;;;;;;;;;;;;;;;;;;7;7;7
Córdoba;Punilla;Cosquín;;;;;;;;;;;;;;;;;;;;;;;;;;;;;;;;;;;;;;;;;;;;;;;3;3;3
Córdoba;Punilla;Villa Carlos Paz;;;;;;;;;;;;;;;;;;;;;;;;;;;;;;;;;;;;;;;;;;;;;;;3;3;3
Córdoba;Punilla;Villa Giardino;;;;;;;;;;;;;;;;;;;;;;;;;;;;;;;;;;;;;;;;;;;;;;;1;1;1
Córdoba;Santa María;Alta Gracia;;;;;;;;;;;;;;;;;;;;;;;;;;;;;;;;;;;;;;;;;;;;;;;6;6;7
Córdoba;Santa María;Villa Parque Santa Ana;;;;;;;;;;;;;;;;;;;;;;;;;;;;;;;;;;;;;;;;;;;;;;;6;6;6
Córdoba;Santa María;Falda del Carmen;;;;;;;;;;;;;;;;;;;;;;;;;;;;;;;;;;;;;;;;;;;;;;;1;1;1
Córdoba;San Justo;Brinkmann;;;;;;;;;;;;;;;;;;;;;;;;;;;;;;;;;;;;;;;;;;;;;;;4;4;4
Córdoba;San Justo;Morteros;;;;;;;;;;;;;;;;;;;;;;;;;;;;;;;;;;;;;;;;;;;;;;;3;3;3
Córdoba;San Justo;Marull;;;;;;;;;;;;;;;;;;;;;;;;;;;;;;;;;;;;;;;;;;;;;;;2;2;2
Córdoba;San Justo;San Francisco;;;;;;;;;;;;;;;;;;;;;;;;;;;;;;;;;;;;;;;;;;;;;;;2;2;2
Córdoba;Unión;Bell Ville;;;;;;;;;;;;;;;;;;;;;;;;;;;;;;;;;;;;;;;;;;;;;;;2;2;2
Córdoba;Unión;Justiniano Posse;;;;;;;;;;;;;;;;;;;;;;;;;;;;;;;;;;;;;;;;;;;;;;;2;2;2
Córdoba;Unión;Morrison;;;;;;;;;;;;;;;;;;;;;;;;;;;;;;;;;;;;;;;;;;;;;;;2;2;2
Córdoba;Unión;San Marcos;;;;;;;;;;;;;;;;;;;;;;;;;;;;;;;;;;;;;;;;;;;;;;;2;2;2
Córdoba;Marcos Juárez;Colonia Italiana;;;;;;;;;;;;;;;;;;;;;;;;;;;;;;;;;;;;;;;;;;;;;;;2;2;2
Córdoba;Marcos Juárez;Corral de Bustos;;;;;;;;;;;;;;;;;;;;;;;;;;;;;;;;;;;;;;;;;;;;;;;2;2;2
Córdoba;Gral.Roca;Huinca Renancó;;;;;;;;;;;;;;;;;;;;;;;;;;;;;;;;;;;;;;;;;;;;;;;2;2;2
Córdoba;Calamuchita;Villa General Belgrano;;;;;;;;;;;;;;;;;;;;;;;;;;;;;;;;;;;;;;;;;;;;;;;2;2;2
Córdoba;Cruz del Eje;San Marcos Sierra;;;;;;;;;;;;;;;;;;;;;;;;;;;;;;;;;;;;;;;;;;;;;;;2;2;2
Córdoba;Roque Sáenz Peña;Laboulaye;;;;;;;;;;;;;;;;;;;;;;;;;;;;;;;;;;;;;;;;;;;;;;;1;1;1
Chaco;;Barranqueras ;;;;;;;;;;;;;;;;;;;;;;;;;;;;;;;;;;;;;;;;;;;;;;;28;28;28
Chaco;;Charata ;;;;;;;;;;;;;;;;;;;;;;;;;;;;;;;;;;;;;;;;;;;;;;;2;2;2
Chaco;;Isla del Cerrito ;;;;;;;;;;;;;;;;;;;;;;;;;;;;;;;;;;;;;;;;;;;;;;;5;5;5
Chaco;;Fontana ;;;;;;;;;;;;;;;;;;;;;;;;;;;;;;;;;;;;;;;;;;;;;;;11;11;11
Chaco;;La Leonesa;;;;;;;;;;;;;;;;;;;;;;;;;;;;;;;;;;;;;;;;;;;;;;;1;1;1
Chaco;;Las Palmas ;;;;;;;;;;;;;;;;;;;;;;;;;;;;;;;;;;;;;;;;;;;;;;;1;1;1
Chaco;;Makallé ;;;;;;;;;;;;;;;;;;;;;;;;;;;;;;;;;;;;;;;;;;;;;;;1;1;1
Chaco;;Margarita Belén ;;;;;;;;;;;;;;;;;;;;;;;;;;;;;;;;;;;;;;;;;;;;;;;2;2;2
Chaco;;Nueva Pompeya ;;;;;;;;;;;;;;;;;;;;;;;;;;;;;;;;;;;;;;;;;;;;;;;1;1;1
Chaco;;Pampa del Indio ;;;;;;;;;;;;;;;;;;;;;;;;;;;;;;;;;;;;;;;;;;;;;;;1;1;1
Chaco;;Puerto Bermejo Nuevo;;;;;;;;;;;;;;;;;;;;;;;;;;;;;;;;;;;;;;;;;;;;;;;6;6;6
Chaco;;Puerto Vilelas ;;;;;;;;;;;;;;;;;;;;;;;;;;;;;;;;;;;;;;;;;;;;;;;5;5;5
Chaco;;Villa Angela ;;;;;;;;;;;;;;;;;;;;;;;;;;;;;;;;;;;;;;;;;;;;;;;3;3;3
Chaco;;Resistencia ;;;;;;;;;;;;;;;;;;;;;;;;;;;;;;;;;;;;;;;;;;;;;;;229;238;241
Chaco;;Puerto Eva Perón;;;;;;;;;;;;;;;;;;;;;;;;;;;;;;;;;;;;;;;;;;;;;;;1;1;1
Ciudad Autónoma de Buenos Aires;FLORES - PARQUE CHACABUCO;Comuna 7;;;;;;;;;;;;;;;;;;;;;;;;;;;;;;;;;;;;;;;;;;;;;;;108;108;108
Ciudad Autónoma de Buenos Aires;BELGRANO - COLEGIALES - NUÑEZ;Comuna 13;;;;;;;;;;;;;;;;;;;;;;;;;;;;;;;;;;;;;;;;;;;;;;;86;86;86
Ciudad Autónoma de Buenos Aires;PALERMO;Comuna 14;;;;;;;;;;;;;;;;;;;;;;;;;;;;;;;;;;;;;;;;;;;;;;;81;81;81
Ciudad Autónoma de Buenos Aires;BALVANERA - SAN CRISTOBAL;Comuna 3;;;;;;;;;;;;;;;;;;;;;;;;;;;;;;;;;;;;;;;;;;;;;;;79;79;79
Ciudad Autónoma de Buenos Aires;RECOLETA;Comuna 2;;;;;;;;;;;;;;;;;;;;;;;;;;;;;;;;;;;;;;;;;;;;;;;58;58;58
Ciudad Autónoma de Buenos Aires;VILLA DEL PARQUE - VILLA  DEVOTO - VILLA GRAL. MITRE - VILLA SANTA RITA;Comuna 11;;;;;;;;;;;;;;;;;;;;;;;;;;;;;;;;;;;;;;;;;;;;;;;55;55;55
Ciudad Autónoma de Buenos Aires;CONSTITUCION - MONSERRAT - PUERTO MADERO -  RETIRO - SAN NICOLAS - SAN TELMO;Comuna 1;;;;;;;;;;;;;;;;;;;;;;;;;;;;;;;;;;;;;;;;;;;;;;;52;52;52
Ciudad Autónoma de Buenos Aires;COGHLAN - SAAVEDRA - VILLA PUEYRREDON - VILLA URQUIZA;Comuna 12;;;;;;;;;;;;;;;;;;;;;;;;;;;;;;;;;;;;;;;;;;;;;;;51;51;51
Ciudad Autónoma de Buenos Aires;ALMAGRO - BOEDO;Comuna 5;;;;;;;;;;;;;;;;;;;;;;;;;;;;;;;;;;;;;;;;;;;;;;;46;46;46
Ciudad Autónoma de Buenos Aires;FLORESTA - MONTE CASTRO - VELEZ SARSFIELD - VERSALLES - VILLA LURO - VILLA REAL;Comuna 10;;;;;;;;;;;;;;;;;;;;;;;;;;;;;;;;;;;;;;;;;;;;;;;46;46;46
Ciudad Autónoma de Buenos Aires;AGRONOMIA - CHACARITA -  PARQUE CHAS -  PATERNAL - VILLA CRESPO - VILLA ORTUZAR;Comuna 15;;;;;;;;;;;;;;;;;;;;;;;;;;;;;;;;;;;;;;;;;;;;;;;44;44;44
Ciudad Autónoma de Buenos Aires;BARRACAS - BOCA - NUEVA POMPEYA - PARQUE PATRICIOS;Comuna 4;;;;;;;;;;;;;;;;;;;;;;;;;;;;;;;;;;;;;;;;;;;;;;;35;35;35
Ciudad Autónoma de Buenos Aires;CABALLITO;Comuna 6;;;;;;;;;;;;;;;;;;;;;;;;;;;;;;;;;;;;;;;;;;;;;;;32;32;32
Ciudad Autónoma de Buenos Aires;LINIERS - MATADEROS - PARQUE AVELLANEDA;Comuna 9;;;;;;;;;;;;;;;;;;;;;;;;;;;;;;;;;;;;;;;;;;;;;;;28;28;28
Ciudad Autónoma de Buenos Aires;VILLA LUGANO - VILLA RIACHUELO - VILLA SOLDATI;Comuna 8;;;;;;;;;;;;;;;;;;;;;;;;;;;;;;;;;;;;;;;;;;;;;;;23;23;23
Buenos Aires;;General San Martín;;;;;;;;;;;;;;;;;;;;;;;;;;;;;;;;;;;;;;;;;;;;;;;78;78;78
Buenos Aires;;Vicente López;;;;;;;;;;;;;;;;;;;;;;;;;;;;;;;;;;;;;;;;;;;;;;;61;61;61
Buenos Aires;;La Matanza;;;;;;;;;;;;;;;;;;;;;;;;;;;;;;;;;;;;;;;;;;;;;;;60;60;60
Buenos Aires;;Pilar;;;;;;;;;;;;;;;;;;;;;;;;;;;;;;;;;;;;;;;;;;;;;;;57;58;58
Buenos Aires;;Quilmes;;;;;;;;;;;;;;;;;;;;;;;;;;;;;;;;;;;;;;;;;;;;;;;57;59;59
Buenos Aires;;La Plata;;;;;;;;;;;;;;;;;;;;;;;;;;;;;;;;;;;;;;;;;;;;;;;50;50;50
Buenos Aires;;Merlo;;;;;;;;;;;;;;;;;;;;;;;;;;;;;;;;;;;;;;;;;;;;;;;50;50;50
Buenos Aires;;Tigre;;;;;;;;;;;;;;;;;;;;;;;;;;;;;;;;;;;;;;;;;;;;;;;50;55;55
Buenos Aires;;San Isidro;;;;;;;;;;;;;;;;;;;;;;;;;;;;;;;;;;;;;;;;;;;;;;;49;52;52
Buenos Aires;;Moreno;;;;;;;;;;;;;;;;;;;;;;;;;;;;;;;;;;;;;;;;;;;;;;;41;44;44
Buenos Aires;;Morón;;;;;;;;;;;;;;;;;;;;;;;;;;;;;;;;;;;;;;;;;;;;;;;38;44;44
Buenos Aires;;San Miguel;;;;;;;;;;;;;;;;;;;;;;;;;;;;;;;;;;;;;;;;;;;;;;;37;38;38
Buenos Aires;;Avellaneda;;;;;;;;;;;;;;;;;;;;;;;;;;;;;;;;;;;;;;;;;;;;;;;39;40;40
Buenos Aires;;Almirante Brown;;;;;;;;;;;;;;;;;;;;;;;;;;;;;;;;;;;;;;;;;;;;;;;36;36;36
Buenos Aires;;Lomas de Zamora;;;;;;;;;;;;;;;;;;;;;;;;;;;;;;;;;;;;;;;;;;;;;;;40;43;43
Buenos Aires;;Escobar;;;;;;;;;;;;;;;;;;;;;;;;;;;;;;;;;;;;;;;;;;;;;;;36;36;36
Buenos Aires;;Bahía Blanca;;;;;;;;;;;;;;;;;;;;;;;;;;;;;;;;;;;;;;;;;;;;;;;34;34;34
Buenos Aires;;Florencio Varela;;;;;;;;;;;;;;;;;;;;;;;;;;;;;;;;;;;;;;;;;;;;;;;32;32;32
Buenos Aires;;Tres de Febrero;;;;;;;;;;;;;;;;;;;;;;;;;;;;;;;;;;;;;;;;;;;;;;;29;39;39
Buenos Aires;;Ituzaingó;;;;;;;;;;;;;;;;;;;;;;;;;;;;;;;;;;;;;;;;;;;;;;;23;24;24
Buenos Aires;;Berazategui;;;;;;;;;;;;;;;;;;;;;;;;;;;;;;;;;;;;;;;;;;;;;;;25;26;26
Buenos Aires;;Lanús;;;;;;;;;;;;;;;;;;;;;;;;;;;;;;;;;;;;;;;;;;;;;;;26;28;28
Buenos Aires;;Malvinas Argentinas;;;;;;;;;;;;;;;;;;;;;;;;;;;;;;;;;;;;;;;;;;;;;;;23;26;26
Buenos Aires;;San Vicente;;;;;;;;;;;;;;;;;;;;;;;;;;;;;;;;;;;;;;;;;;;;;;;26;26;26
Buenos Aires;;San Fernando;;;;;;;;;;;;;;;;;;;;;;;;;;;;;;;;;;;;;;;;;;;;;;;23;23;23
Buenos Aires;;Esteban Echeverría;;;;;;;;;;;;;;;;;;;;;;;;;;;;;;;;;;;;;;;;;;;;;;;18;21;21
Buenos Aires;;General Pueyrredón;;;;;;;;;;;;;;;;;;;;;;;;;;;;;;;;;;;;;;;;;;;;;;;17;17;17
Buenos Aires;;Ezeiza;;;;;;;;;;;;;;;;;;;;;;;;;;;;;;;;;;;;;;;;;;;;;;;13;21;21
Buenos Aires;;José C. Paz;;;;;;;;;;;;;;;;;;;;;;;;;;;;;;;;;;;;;;;;;;;;;;;13;13;13
Buenos Aires;;Luján;;;;;;;;;;;;;;;;;;;;;;;;;;;;;;;;;;;;;;;;;;;;;;;12;16;16
Buenos Aires;;Hurlingham;;;;;;;;;;;;;;;;;;;;;;;;;;;;;;;;;;;;;;;;;;;;;;;12;14;14
Buenos Aires;;Brandsen;;;;;;;;;;;;;;;;;;;;;;;;;;;;;;;;;;;;;;;;;;;;;;;7;8;8
Buenos Aires;;Campana;;;;;;;;;;;;;;;;;;;;;;;;;;;;;;;;;;;;;;;;;;;;;;;6;6;6
Buenos Aires;;General Rodríguez;;;;;;;;;;;;;;;;;;;;;;;;;;;;;;;;;;;;;;;;;;;;;;;6;6;6
Buenos Aires;;Ensenada;;;;;;;;;;;;;;;;;;;;;;;;;;;;;;;;;;;;;;;;;;;;;;;5;5;5
Buenos Aires;;San Nicolás;;;;;;;;;;;;;;;;;;;;;;;;;;;;;;;;;;;;;;;;;;;;;;;5;5;5
Buenos Aires;;Zárate;;;;;;;;;;;;;;;;;;;;;;;;;;;;;;;;;;;;;;;;;;;;;;;5;6;6
Buenos Aires;;Cañuelas;;;;;;;;;;;;;;;;;;;;;;;;;;;;;;;;;;;;;;;;;;;;;;;4;4;4
Buenos Aires;;Tandil;;;;;;;;;;;;;;;;;;;;;;;;;;;;;;;;;;;;;;;;;;;;;;;4;4;4
Buenos Aires;;9 de Julio;;;;;;;;;;;;;;;;;;;;;;;;;;;;;;;;;;;;;;;;;;;;;;;3;3;3
Buenos Aires;;Berisso;;;;;;;;;;;;;;;;;;;;;;;;;;;;;;;;;;;;;;;;;;;;;;;3;3;3
Buenos Aires;;Chivilcoy;;;;;;;;;;;;;;;;;;;;;;;;;;;;;;;;;;;;;;;;;;;;;;;3;3;3
Buenos Aires;;Colón;;;;;;;;;;;;;;;;;;;;;;;;;;;;;;;;;;;;;;;;;;;;;;;3;3;3
Buenos Aires;;Necochea;;;;;;;;;;;;;;;;;;;;;;;;;;;;;;;;;;;;;;;;;;;;;;;3;3;3
Buenos Aires;;Olavarría;;;;;;;;;;;;;;;;;;;;;;;;;;;;;;;;;;;;;;;;;;;;;;;3;3;3
Buenos Aires;;San Antonio de Areco;;;;;;;;;;;;;;;;;;;;;;;;;;;;;;;;;;;;;;;;;;;;;;;3;3;3
Buenos Aires;;Alberti;;;;;;;;;;;;;;;;;;;;;;;;;;;;;;;;;;;;;;;;;;;;;;;2;2;2
Buenos Aires;;Azul;;;;;;;;;;;;;;;;;;;;;;;;;;;;;;;;;;;;;;;;;;;;;;;2;2;2
Buenos Aires;;Carlos Casares;;;;;;;;;;;;;;;;;;;;;;;;;;;;;;;;;;;;;;;;;;;;;;;2;2;2
Buenos Aires;;Dolores;;;;;;;;;;;;;;;;;;;;;;;;;;;;;;;;;;;;;;;;;;;;;;;2;2;2
Buenos Aires;;Lobería;;;;;;;;;;;;;;;;;;;;;;;;;;;;;;;;;;;;;;;;;;;;;;;2;2;2
Buenos Aires;;Marcos Paz;;;;;;;;;;;;;;;;;;;;;;;;;;;;;;;;;;;;;;;;;;;;;;;2;3;3
Buenos Aires;;Pinamar;;;;;;;;;;;;;;;;;;;;;;;;;;;;;;;;;;;;;;;;;;;;;;;2;2;2
Buenos Aires;;San Andrés de Giles;;;;;;;;;;;;;;;;;;;;;;;;;;;;;;;;;;;;;;;;;;;;;;;2;2;2
Buenos Aires;;Trenque Lauquen;;;;;;;;;;;;;;;;;;;;;;;;;;;;;;;;;;;;;;;;;;;;;;;2;2;2
Buenos Aires;;Bragado;;;;;;;;;;;;;;;;;;;;;;;;;;;;;;;;;;;;;;;;;;;;;;;1;1;1
Buenos Aires;;Coronel Dorrego;;;;;;;;;;;;;;;;;;;;;;;;;;;;;;;;;;;;;;;;;;;;;;;1;1;1
Buenos Aires;;Daireaux;;;;;;;;;;;;;;;;;;;;;;;;;;;;;;;;;;;;;;;;;;;;;;;1;1;1
Buenos Aires;;Exaltación de la Cruz;;;;;;;;;;;;;;;;;;;;;;;;;;;;;;;;;;;;;;;;;;;;;;;1;1;1
Buenos Aires;;Junín;;;;;;;;;;;;;;;;;;;;;;;;;;;;;;;;;;;;;;;;;;;;;;;1;1;1
Buenos Aires;;La Costa;;;;;;;;;;;;;;;;;;;;;;;;;;;;;;;;;;;;;;;;;;;;;;;1;1;1
Buenos Aires;;Lobos;;;;;;;;;;;;;;;;;;;;;;;;;;;;;;;;;;;;;;;;;;;;;;;1;1;1
Buenos Aires;;Mar Chiquita;;;;;;;;;;;;;;;;;;;;;;;;;;;;;;;;;;;;;;;;;;;;;;;1;1;1
Buenos Aires;;Mercedes;;;;;;;;;;;;;;;;;;;;;;;;;;;;;;;;;;;;;;;;;;;;;;;1;1;1
Buenos Aires;;Patagones;;;;;;;;;;;;;;;;;;;;;;;;;;;;;;;;;;;;;;;;;;;;;;;1;1;1
Buenos Aires;;Pergamino;;;;;;;;;;;;;;;;;;;;;;;;;;;;;;;;;;;;;;;;;;;;;;;1;1;1
Buenos Aires;;Presidente Perón;;;;;;;;;;;;;;;;;;;;;;;;;;;;;;;;;;;;;;;;;;;;;;;1;1;1
Buenos Aires;;Ramallo;;;;;;;;;;;;;;;;;;;;;;;;;;;;;;;;;;;;;;;;;;;;;;;1;1;1
Buenos Aires;;Saladillo;;;;;;;;;;;;;;;;;;;;;;;;;;;;;;;;;;;;;;;;;;;;;;;1;1;1
Buenos Aires;;San Cayetano;;;;;;;;;;;;;;;;;;;;;;;;;;;;;;;;;;;;;;;;;;;;;;;1;1;1
Buenos Aires;;Tres Arroyos;;;;;;;;;;;;;;;;;;;;;;;;;;;;;;;;;;;;;;;;;;;;;;;1;1;1
Santa Cruz;;El Calafate;;;;;;;;;;;;;;;;;;;;;;;;;;;;;;;;;;;;;;;;;;;;;;;;34;34
Santa Cruz;;Río Gallegos;;;;;;;;;;;;;;;;;;;;;;;;;;;;;;;;;;;;;;;;;;;;;;;;6;6
Santa Cruz;;Caleta Olivia;;;;;;;;;;;;;;;;;;;;;;;;;;;;;;;;;;;;;;;;;;;;;;;;5;5
Santa Cruz;;Puerto San Julián;;;;;;;;;;;;;;;;;;;;;;;;;;;;;;;;;;;;;;;;;;;;;;;;1;1
Santa Cruz;;Pico Truncado;;;;;;;;;;;;;;;;;;;;;;;;;;;;;;;;;;;;;;;;;;;;;;;;1;1
Santa Cruz;;Puerto Santa Cruz;;;;;;;;;;;;;;;;;;;;;;;;;;;;;;;;;;;;;;;;;;;;;;;;1;1
Chubut;;Comodoro Rivadavia;;;;;;;;;;;;;;;;;;;;;;;;;;;;;;;;;;;;;;;;;;;;;;;;2;2
Tierra del Fuego, Antártida e Islas del Atlántico Sur;;Ushuaia;;;;;;;;;;;;;;;;;;;;;;;;;;;;;;;;;;;;;;;;;;;;;;;;107;107
Tierra del Fuego, Antártida e Islas del Atlántico Sur;;Río Grande;;;;;;;;;;;;;;;;;;;;;;;;;;;;;;;;;;;;;;;;;;;;;;;;10;10
La Pampa;;General Pico;;;;;;;;;;;;;;;;;;;;;;;;;;;;;;;;;;;;;;;;;;;;;;;;1;1
La Pampa;;Santa Rosa;;;;;;;;;;;;;;;;;;;;;;;;;;;;;;;;;;;;;;;;;;;;;;;;4;4
Santiago del Estero;;Capital;;;;;;;;;;;;;;;;;;;;;;;;;;;;;;;;;;;;;;;;;;;;;;;;;6
Santiago del Estero;;Robles;;;;;;;;;;;;;;;;;;;;;;;;;;;;;;;;;;;;;;;;;;;;;;;;;1
Misiones;;Iguazú;;;;;;;;;;;;;;;;;;;;;;;;;;;;;;;;;;;;;;;;;;;;;;;;;2
Misiones;;Posadas;;;;;;;;;;;;;;;;;;;;;;;;;;;;;;;;;;;;;;;;;;;;;;;;;1
Misiones;;Oberá;;;;;;;;;;;;;;;;;;;;;;;;;;;;;;;;;;;;;;;;;;;;;;;;;1
